Time,Elapsed[s],Voltage[V]
05:54:19,0.001,1.02
05:54:19,0.002,1.03
05:54:19,0.004,1.05
05:54:19,0.005,1.07
05:54:19,0.007,1.09
05:54:19,0.008,1.1
05:54:19,0.009,1.12
05:54:19,0.011,1.14
05:54:19,0.012,1.16
05:54:19,0.014,1.17
05:54:19,0.015,1.19
05:54:19,0.017,1.21
05:54:19,0.018,1.22
05:54:19,0.020,1.24
05:54:19,0.021,1.26
05:54:19,0.022,1.28
05:54:19,0.024,1.29
05:54:19,0.025,1.31
05:54:19,0.027,1.33
05:54:19,0.028,1.34
05:54:19,0.030,1.36
05:54:19,0.031,1.37
05:54:19,0.033,1.39
05:54:19,0.034,1.41
05:54:19,0.035,1.42
05:54:19,0.037,1.44
05:54:19,0.038,1.45
05:54:19,0.040,1.47
05:54:19,0.041,1.48
05:54:20,0.044,1.5
05:54:20,0.045,1.52
05:54:20,0.046,1.53
05:54:20,0.048,1.54
05:54:20,0.049,1.56
05:54:20,0.051,1.57
05:54:20,0.052,1.59
05:54:20,0.054,1.6
05:54:20,0.055,1.62
05:54:20,0.057,1.63
05:54:20,0.058,1.64
05:54:20,0.059,1.66
05:54:20,0.061,1.67
05:54:20,0.062,1.68
05:54:20,0.064,1.69
05:54:20,0.065,1.71
05:54:20,0.067,1.72
05:54:20,0.068,1.73
05:54:20,0.070,1.74
05:54:20,0.071,1.75
05:54:20,0.072,1.77
05:54:20,0.074,1.78
05:54:20,0.075,1.79
05:54:20,0.077,1.8
05:54:20,0.078,1.81
05:54:20,0.080,1.82
05:54:20,0.081,1.83
05:54:20,0.083,1.84
05:54:20,0.084,1.85
05:54:20,0.086,1.86
05:54:20,0.088,1.87
05:54:20,0.089,1.87
05:54:20,0.091,1.88
05:54:20,0.092,1.89
05:54:20,0.094,1.9
05:54:20,0.095,1.91
05:54:20,0.097,1.91
05:54:20,0.098,1.92
05:54:20,0.100,1.93
05:54:20,0.101,1.93
05:54:20,0.102,1.94
05:54:20,0.104,1.95
05:54:20,0.105,1.95
05:54:20,0.107,1.96
05:54:20,0.108,1.96
05:54:20,0.110,1.97
05:54:20,0.111,1.97
05:54:20,0.113,1.97
05:54:20,0.114,1.98
05:54:20,0.116,1.98
05:54:20,0.117,1.98
05:54:20,0.119,1.99
05:54:20,0.120,1.99
05:54:20,0.122,1.99
05:54:20,0.123,1.99
05:54:20,0.125,2
05:54:20,0.126,2
05:54:20,0.129,2
05:54:20,0.130,2
05:54:20,0.132,2
05:54:20,0.133,2
05:54:20,0.135,2
05:54:20,0.136,2
05:54:20,0.138,2
05:54:20,0.139,2
05:54:20,0.141,2
05:54:20,0.142,1.99
05:54:20,0.144,1.99
05:54:20,0.145,1.99
05:54:20,0.146,1.99
05:54:20,0.148,1.98
05:54:20,0.149,1.98
05:54:20,0.151,1.98
05:54:20,0.152,1.97
05:54:20,0.154,1.97
05:54:20,0.155,1.97
05:54:20,0.157,1.96
05:54:20,0.158,1.96
05:54:20,0.160,1.95
05:54:20,0.161,1.95
05:54:20,0.163,1.94
05:54:20,0.164,1.93
05:54:20,0.166,1.93
05:54:20,0.167,1.92
05:54:20,0.169,1.91
05:54:20,0.171,1.91
05:54:20,0.173,1.9
05:54:20,0.174,1.89
05:54:20,0.176,1.88
05:54:20,0.177,1.87
05:54:20,0.179,1.87
05:54:20,0.180,1.86
05:54:20,0.182,1.85
05:54:20,0.183,1.84
05:54:20,0.185,1.83
05:54:20,0.186,1.82
05:54:20,0.188,1.81
05:54:20,0.189,1.8
05:54:20,0.191,1.79
05:54:20,0.192,1.78
05:54:20,0.194,1.77
05:54:20,0.195,1.75
05:54:20,0.197,1.74
05:54:20,0.198,1.73
05:54:20,0.199,1.72
05:54:20,0.201,1.71
05:54:20,0.202,1.69
05:54:20,0.204,1.68
05:54:20,0.205,1.67
05:54:20,0.207,1.66
05:54:20,0.208,1.64
05:54:20,0.210,1.63
05:54:20,0.211,1.62
05:54:20,0.214,1.6
05:54:20,0.215,1.59
05:54:20,0.217,1.57
05:54:20,0.218,1.56
05:54:20,0.220,1.54
05:54:20,0.221,1.53
05:54:20,0.223,1.52
05:54:20,0.224,1.5
05:54:20,0.226,1.48
05:54:20,0.227,1.47
05:54:20,0.229,1.45
05:54:20,0.230,1.44
05:54:20,0.232,1.42
05:54:20,0.233,1.41
05:54:20,0.235,1.39
05:54:20,0.236,1.37
05:54:20,0.238,1.36
05:54:20,0.239,1.34
05:54:20,0.241,1.33
05:54:20,0.242,1.31
05:54:20,0.243,1.29
05:54:20,0.245,1.28
05:54:20,0.246,1.26
05:54:20,0.248,1.24
05:54:20,0.249,1.22
05:54:20,0.251,1.21
05:54:20,0.252,1.19
05:54:20,0.254,1.17
05:54:20,0.256,1.16
05:54:20,0.258,1.14
05:54:20,0.259,1.12
05:54:20,0.261,1.1
05:54:20,0.262,1.09
05:54:20,0.264,1.07
05:54:20,0.265,1.05
05:54:20,0.267,1.03
05:54:20,0.268,1.02
05:54:20,0.270,1
05:54:20,0.271,0.98
05:54:20,0.273,0.97
05:54:20,0.274,0.95
05:54:20,0.276,0.93
05:54:20,0.277,0.91
05:54:20,0.279,0.9
05:54:20,0.280,0.88
05:54:20,0.282,0.86
05:54:20,0.283,0.84
05:54:20,0.284,0.83
05:54:20,0.286,0.81
05:54:20,0.287,0.79
05:54:20,0.289,0.78
05:54:20,0.290,0.76
05:54:20,0.292,0.74
05:54:20,0.293,0.72
05:54:20,0.295,0.71
05:54:20,0.296,0.69
05:54:20,0.299,0.67
05:54:20,0.300,0.66
05:54:20,0.302,0.64
05:54:20,0.303,0.63
05:54:20,0.305,0.61
05:54:20,0.306,0.59
05:54:20,0.308,0.58
05:54:20,0.309,0.56
05:54:20,0.311,0.55
05:54:20,0.312,0.53
05:54:20,0.314,0.52
05:54:20,0.315,0.5
05:54:20,0.316,0.48
05:54:20,0.318,0.47
05:54:20,0.319,0.46
05:54:20,0.321,0.44
05:54:20,0.322,0.43
05:54:20,0.324,0.41
05:54:20,0.325,0.4
05:54:20,0.327,0.38
05:54:20,0.328,0.37
05:54:20,0.330,0.36
05:54:20,0.331,0.34
05:54:20,0.333,0.33
05:54:20,0.334,0.32
05:54:20,0.336,0.31
05:54:20,0.337,0.29
05:54:20,0.339,0.28
05:54:20,0.340,0.27
05:54:20,0.343,0.26
05:54:20,0.344,0.25
05:54:20,0.346,0.23
05:54:20,0.347,0.22
05:54:20,0.348,0.21
05:54:20,0.350,0.2
05:54:20,0.351,0.19
05:54:20,0.353,0.18
05:54:20,0.354,0.17
05:54:20,0.356,0.16
05:54:20,0.357,0.15
05:54:20,0.359,0.14
05:54:20,0.360,0.13
05:54:20,0.362,0.13
05:54:20,0.363,0.12
05:54:20,0.365,0.11
05:54:20,0.366,0.1
05:54:20,0.368,0.09
05:54:20,0.369,0.09
05:54:20,0.371,0.08
05:54:20,0.372,0.07
05:54:20,0.374,0.07
05:54:20,0.375,0.06
05:54:20,0.377,0.05
05:54:20,0.378,0.05
05:54:20,0.380,0.04
05:54:20,0.381,0.04
05:54:20,0.382,0.03
05:54:20,0.385,0.03
05:54:20,0.386,0.03
05:54:20,0.388,0.02
05:54:20,0.389,0.02
05:54:20,0.391,0.02
05:54:20,0.392,0.01
05:54:20,0.394,0.01
05:54:20,0.395,0.01
05:54:21,0.397,0.01
05:54:21,0.398,0
05:54:21,0.400,0
05:54:21,0.401,0
05:54:21,0.403,0
05:54:21,0.404,0
05:54:21,0.406,0
05:54:21,0.407,0
05:54:21,0.409,0
05:54:21,0.410,0
05:54:21,0.412,0
05:54:21,0.413,0
05:54:21,0.415,0.01
05:54:21,0.416,0.01
05:54:21,0.418,0.01
05:54:21,0.419,0.01
05:54:21,0.421,0.02
05:54:21,0.422,0.02
05:54:21,0.424,0.02
05:54:21,0.425,0.03
05:54:21,0.428,0.03
05:54:21,0.429,0.03
05:54:21,0.430,0.04
05:54:21,0.432,0.04
05:54:21,0.433,0.05
05:54:21,0.435,0.05
05:54:21,0.436,0.06
05:54:21,0.438,0.07
05:54:21,0.439,0.07
05:54:21,0.441,0.08
05:54:21,0.442,0.09
05:54:21,0.444,0.09
05:54:21,0.445,0.1
05:54:21,0.447,0.11
05:54:21,0.448,0.12
05:54:21,0.450,0.13
05:54:21,0.451,0.13
05:54:21,0.453,0.14
05:54:21,0.454,0.15
05:54:21,0.456,0.16
05:54:21,0.457,0.17
05:54:21,0.459,0.18
05:54:21,0.460,0.19
05:54:21,0.462,0.2
05:54:21,0.463,0.21
05:54:21,0.465,0.22
05:54:21,0.466,0.23
05:54:21,0.468,0.25
05:54:21,0.470,0.26
05:54:21,0.472,0.27
05:54:21,0.473,0.28
05:54:21,0.475,0.29
05:54:21,0.476,0.31
05:54:21,0.478,0.32
05:54:21,0.479,0.33
05:54:21,0.481,0.34
05:54:21,0.482,0.36
05:54:21,0.484,0.37
05:54:21,0.485,0.38
05:54:21,0.486,0.4
05:54:21,0.488,0.41
05:54:21,0.489,0.43
05:54:21,0.491,0.44
05:54:21,0.492,0.46
05:54:21,0.494,0.47
05:54:21,0.495,0.48
05:54:21,0.497,0.5
05:54:21,0.498,0.52
05:54:21,0.500,0.53
05:54:21,0.501,0.55
05:54:21,0.503,0.56
05:54:21,0.504,0.58
05:54:21,0.506,0.59
05:54:21,0.507,0.61
05:54:21,0.509,0.63
05:54:21,0.510,0.64
05:54:21,0.513,0.66
05:54:21,0.514,0.67
05:54:21,0.516,0.69
05:54:21,0.517,0.71
05:54:21,0.519,0.72
05:54:21,0.520,0.74
05:54:21,0.522,0.76
05:54:21,0.523,0.78
05:54:21,0.525,0.79
05:54:21,0.526,0.81
05:54:21,0.528,0.83
05:54:21,0.529,0.84
05:54:21,0.531,0.86
05:54:21,0.532,0.88
05:54:21,0.533,0.9
05:54:21,0.535,0.91
05:54:21,0.536,0.93
05:54:21,0.538,0.95
05:54:21,0.539,0.97
05:54:21,0.541,0.98
05:54:21,0.542,1
05:54:21,0.544,1.02
05:54:21,0.545,1.03
05:54:21,0.547,1.05
05:54:21,0.548,1.07
05:54:21,0.550,1.09
05:54:21,0.551,1.1
05:54:21,0.553,1.12
05:54:21,0.555,1.14
05:54:21,0.557,1.16
05:54:21,0.558,1.17
05:54:21,0.560,1.19
05:54:21,0.561,1.21
05:54:21,0.563,1.22
05:54:21,0.564,1.24
05:54:21,0.565,1.26
05:54:21,0.567,1.28
05:54:21,0.568,1.29
05:54:21,0.570,1.31
05:54:21,0.571,1.33
05:54:21,0.573,1.34
05:54:21,0.574,1.36
05:54:21,0.576,1.37
05:54:21,0.577,1.39
05:54:21,0.579,1.41
05:54:21,0.580,1.42
05:54:21,0.582,1.44
05:54:21,0.583,1.45
05:54:21,0.585,1.47
05:54:21,0.586,1.48
05:54:21,0.588,1.5
05:54:21,0.589,1.52
05:54:21,0.591,1.53
05:54:21,0.592,1.54
05:54:21,0.593,1.56
05:54:21,0.595,1.57
05:54:21,0.596,1.59
05:54:21,0.599,1.6
05:54:21,0.600,1.62
05:54:21,0.602,1.63
05:54:21,0.603,1.64
05:54:21,0.605,1.66
05:54:21,0.606,1.67
05:54:21,0.608,1.68
05:54:21,0.609,1.69
05:54:21,0.611,1.71
05:54:21,0.612,1.72
05:54:21,0.614,1.73
05:54:21,0.615,1.74
05:54:21,0.617,1.75
05:54:21,0.618,1.77
05:54:21,0.620,1.78
05:54:21,0.621,1.79
05:54:21,0.623,1.8
05:54:21,0.624,1.81
05:54:21,0.625,1.82
05:54:21,0.627,1.83
05:54:21,0.628,1.84
05:54:21,0.630,1.85
05:54:21,0.631,1.86
05:54:21,0.633,1.87
05:54:21,0.634,1.87
05:54:21,0.636,1.88
05:54:21,0.637,1.89
05:54:21,0.640,1.9
05:54:21,0.641,1.91
05:54:21,0.643,1.91
05:54:21,0.644,1.92
05:54:21,0.646,1.93
05:54:21,0.647,1.93
05:54:21,0.649,1.94
05:54:21,0.650,1.95
05:54:21,0.652,1.95
05:54:21,0.653,1.96
05:54:21,0.655,1.96
05:54:21,0.656,1.97
05:54:21,0.658,1.97
05:54:21,0.659,1.97
05:54:21,0.661,1.98
05:54:21,0.662,1.98
05:54:21,0.663,1.98
05:54:21,0.665,1.99
05:54:21,0.666,1.99
05:54:21,0.668,1.99
05:54:21,0.669,1.99
05:54:21,0.671,2
05:54:21,0.672,2
05:54:21,0.674,2
05:54:21,0.675,2
05:54:21,0.677,2
05:54:21,0.678,2
05:54:21,0.680,2
05:54:21,0.681,2
05:54:21,0.684,2
05:54:21,0.685,2
05:54:21,0.687,2
05:54:21,0.688,1.99
05:54:21,0.690,1.99
05:54:21,0.691,1.99
05:54:21,0.693,1.99
05:54:21,0.694,1.98
05:54:21,0.696,1.98
05:54:21,0.697,1.98
05:54:21,0.699,1.97
05:54:21,0.700,1.97
05:54:21,0.702,1.97
05:54:21,0.703,1.96
05:54:21,0.705,1.96
05:54:21,0.706,1.95
05:54:21,0.708,1.95
05:54:21,0.709,1.94
05:54:21,0.711,1.93
05:54:21,0.712,1.93
05:54:21,0.713,1.92
05:54:21,0.715,1.91
05:54:21,0.716,1.91
05:54:21,0.718,1.9
05:54:21,0.719,1.89
05:54:21,0.721,1.88
05:54:21,0.722,1.87
05:54:21,0.724,1.87
05:54:21,0.726,1.86
05:54:21,0.728,1.85
05:54:21,0.729,1.84
05:54:21,0.731,1.83
05:54:21,0.732,1.82
05:54:21,0.734,1.81
05:54:21,0.735,1.8
05:54:21,0.737,1.79
05:54:21,0.738,1.78
05:54:21,0.740,1.77
05:54:21,0.741,1.75
05:54:21,0.743,1.74
05:54:21,0.744,1.73
05:54:21,0.746,1.72
05:54:21,0.747,1.71
05:54:21,0.749,1.69
05:54:21,0.750,1.68
05:54:21,0.752,1.67
05:54:21,0.753,1.66
05:54:21,0.755,1.64
05:54:21,0.756,1.63
05:54:21,0.758,1.62
05:54:21,0.759,1.6
05:54:21,0.761,1.59
05:54:21,0.762,1.57
05:54:21,0.764,1.56
05:54:21,0.765,1.54
05:54:22,0.766,1.53
05:54:22,0.769,1.52
05:54:22,0.770,1.5
05:54:22,0.772,1.48
05:54:22,0.773,1.47
05:54:22,0.775,1.45
05:54:22,0.776,1.44
05:54:22,0.778,1.42
05:54:22,0.779,1.41
05:54:22,0.781,1.39
05:54:22,0.782,1.37
05:54:22,0.784,1.36
05:54:22,0.785,1.34
05:54:22,0.787,1.33
05:54:22,0.788,1.31
05:54:22,0.790,1.29
05:54:22,0.791,1.28
05:54:22,0.793,1.26
05:54:22,0.794,1.24
05:54:22,0.796,1.22
05:54:22,0.797,1.21
05:54:22,0.799,1.19
05:54:22,0.800,1.17
05:54:22,0.801,1.16
05:54:22,0.803,1.14
05:54:22,0.804,1.12
05:54:22,0.806,1.1
05:54:22,0.807,1.09
05:54:22,0.809,1.07
05:54:22,0.811,1.05
05:54:22,0.813,1.03
05:54:22,0.814,1.02
05:54:22,0.816,1
05:54:22,0.817,0.98
05:54:22,0.819,0.97
05:54:22,0.820,0.95
05:54:22,0.822,0.93
05:54:22,0.823,0.91
05:54:22,0.825,0.9
05:54:22,0.826,0.88
05:54:22,0.828,0.86
05:54:22,0.829,0.84
05:54:22,0.831,0.83
05:54:22,0.832,0.81
05:54:22,0.834,0.79
05:54:22,0.835,0.78
05:54:22,0.837,0.76
05:54:22,0.838,0.74
05:54:22,0.840,0.72
05:54:22,0.841,0.71
05:54:22,0.842,0.69
05:54:22,0.844,0.67
05:54:22,0.845,0.66
05:54:22,0.847,0.64
05:54:22,0.848,0.63
05:54:22,0.850,0.61
05:54:22,0.851,0.59
05:54:22,0.854,0.58
05:54:22,0.855,0.56
05:54:22,0.857,0.55
05:54:22,0.858,0.53
05:54:22,0.860,0.52
05:54:22,0.861,0.5
05:54:22,0.863,0.48
05:54:22,0.864,0.47
05:54:22,0.866,0.46
05:54:22,0.867,0.44
05:54:22,0.869,0.43
05:54:22,0.870,0.41
05:54:22,0.872,0.4
05:54:22,0.873,0.38
05:54:22,0.874,0.37
05:54:22,0.876,0.36
05:54:22,0.877,0.34
05:54:22,0.879,0.33
05:54:22,0.880,0.32
05:54:22,0.882,0.31
05:54:22,0.883,0.29
05:54:22,0.885,0.28
05:54:22,0.886,0.27
05:54:22,0.888,0.26
05:54:22,0.889,0.25
05:54:22,0.891,0.23
05:54:22,0.892,0.22
05:54:22,0.894,0.21
05:54:22,0.896,0.2
05:54:22,0.898,0.19
05:54:22,0.899,0.18
05:54:22,0.901,0.17
05:54:22,0.902,0.16
05:54:22,0.904,0.15
05:54:22,0.905,0.14
05:54:22,0.906,0.13
05:54:22,0.908,0.13
05:54:22,0.909,0.12
05:54:22,0.911,0.11
05:54:22,0.912,0.1
05:54:22,0.914,0.09
05:54:22,0.915,0.09
05:54:22,0.917,0.08
05:54:22,0.918,0.07
05:54:22,0.920,0.07
05:54:22,0.921,0.06
05:54:22,0.923,0.05
05:54:22,0.924,0.05
05:54:22,0.926,0.04
05:54:22,0.927,0.04
05:54:22,0.929,0.03
05:54:22,0.930,0.03
05:54:22,0.932,0.03
05:54:22,0.933,0.02
05:54:22,0.935,0.02
05:54:22,0.936,0.02
05:54:22,0.939,0.01
05:54:22,0.940,0.01
05:54:22,0.942,0.01
05:54:22,0.943,0.01
05:54:22,0.944,0
05:54:22,0.946,0
05:54:22,0.947,0
05:54:22,0.949,0
05:54:22,0.950,0
05:54:22,0.952,0
05:54:22,0.953,0
05:54:22,0.955,0
05:54:22,0.956,0
05:54:22,0.958,0
05:54:22,0.959,0
05:54:22,0.961,0.01
05:54:22,0.962,0.01
05:54:22,0.964,0.01
05:54:22,0.965,0.01
05:54:22,0.967,0.02
05:54:22,0.968,0.02
05:54:22,0.970,0.02
05:54:22,0.971,0.03
05:54:22,0.973,0.03
05:54:22,0.974,0.03
05:54:22,0.976,0.04
05:54:22,0.977,0.04
05:54:22,0.979,0.05
05:54:22,0.980,0.05
05:54:22,0.983,0.06
05:54:22,0.984,0.07
05:54:22,0.986,0.07
05:54:22,0.987,0.08
05:54:22,0.989,0.09
05:54:22,0.990,0.09
05:54:22,0.992,0.1
05:54:22,0.993,0.11
05:54:22,0.995,0.12
05:54:22,0.996,0.13
05:54:22,0.997,0.13
05:54:22,0.999,0.14
05:54:22,1.000,0.15
05:54:22,1.002,0.16
05:54:22,1.003,0.17
05:54:22,1.005,0.18
05:54:22,1.007,0.19
05:54:22,1.008,0.2
05:54:22,1.010,0.21
05:54:22,1.011,0.22
05:54:22,1.013,0.23
05:54:22,1.014,0.25
05:54:22,1.016,0.26
05:54:22,1.017,0.27
05:54:22,1.019,0.28
05:54:22,1.020,0.29
05:54:22,1.022,0.31
05:54:22,1.024,0.32
05:54:22,1.026,0.33
05:54:22,1.027,0.34
05:54:22,1.029,0.36
05:54:22,1.030,0.37
05:54:22,1.032,0.38
05:54:22,1.033,0.4
05:54:22,1.035,0.41
05:54:22,1.036,0.43
05:54:22,1.038,0.44
05:54:22,1.039,0.46
05:54:22,1.041,0.47
05:54:22,1.042,0.48
05:54:22,1.044,0.5
05:54:22,1.045,0.52
05:54:22,1.047,0.53
05:54:22,1.048,0.55
05:54:22,1.050,0.56
05:54:22,1.051,0.58
05:54:22,1.053,0.59
05:54:22,1.055,0.61
05:54:22,1.056,0.63
05:54:22,1.058,0.64
05:54:22,1.059,0.66
05:54:22,1.061,0.67
05:54:22,1.062,0.69
05:54:22,1.064,0.71
05:54:22,1.065,0.72
05:54:22,1.068,0.74
05:54:22,1.069,0.76
05:54:22,1.071,0.78
05:54:22,1.072,0.79
05:54:22,1.074,0.81
05:54:22,1.075,0.83
05:54:22,1.077,0.84
05:54:22,1.078,0.86
05:54:22,1.080,0.88
05:54:22,1.081,0.9
05:54:22,1.083,0.91
05:54:22,1.084,0.93
05:54:22,1.086,0.95
05:54:22,1.087,0.97
05:54:22,1.089,0.98
05:54:22,1.090,1
05:54:22,1.092,1.02
05:54:22,1.093,1.03
05:54:22,1.095,1.05
05:54:22,1.096,1.07
05:54:22,1.098,1.09
05:54:22,1.099,1.1
05:54:22,1.101,1.12
05:54:22,1.102,1.14
05:54:22,1.104,1.16
05:54:22,1.105,1.17
05:54:22,1.107,1.19
05:54:22,1.108,1.21
05:54:22,1.111,1.22
05:54:22,1.112,1.24
05:54:22,1.114,1.26
05:54:22,1.115,1.28
05:54:22,1.117,1.29
05:54:22,1.118,1.31
05:54:22,1.120,1.33
05:54:22,1.121,1.34
05:54:22,1.123,1.36
05:54:22,1.125,1.37
05:54:22,1.126,1.39
05:54:22,1.128,1.41
05:54:22,1.129,1.42
05:54:22,1.131,1.44
05:54:22,1.132,1.45
05:54:22,1.134,1.47
05:54:22,1.135,1.48
05:54:22,1.137,1.5
05:54:22,1.138,1.52
05:54:23,1.140,1.53
05:54:23,1.141,1.54
05:54:23,1.143,1.56
05:54:23,1.144,1.57
05:54:23,1.146,1.59
05:54:23,1.147,1.6
05:54:23,1.149,1.62
05:54:23,1.150,1.63
05:54:23,1.153,1.64
05:54:23,1.154,1.66
05:54:23,1.156,1.67
05:54:23,1.157,1.68
05:54:23,1.159,1.69
05:54:23,1.160,1.71
05:54:23,1.162,1.72
05:54:23,1.163,1.73
05:54:23,1.165,1.74
05:54:23,1.166,1.75
05:54:23,1.168,1.77
05:54:23,1.169,1.78
05:54:23,1.171,1.79
05:54:23,1.172,1.8
05:54:23,1.174,1.81
05:54:23,1.175,1.82
05:54:23,1.177,1.83
05:54:23,1.178,1.84
05:54:23,1.180,1.85
05:54:23,1.181,1.86
05:54:23,1.183,1.87
05:54:23,1.184,1.87
05:54:23,1.186,1.88
05:54:23,1.187,1.89
05:54:23,1.189,1.9
05:54:23,1.190,1.91
05:54:23,1.192,1.91
05:54:23,1.193,1.92
05:54:23,1.196,1.93
05:54:23,1.197,1.93
05:54:23,1.199,1.94
05:54:23,1.200,1.95
05:54:23,1.202,1.95
05:54:23,1.203,1.96
05:54:23,1.205,1.96
05:54:23,1.206,1.97
05:54:23,1.208,1.97
05:54:23,1.209,1.97
05:54:23,1.211,1.98
05:54:23,1.212,1.98
05:54:23,1.214,1.98
05:54:23,1.216,1.99
05:54:23,1.217,1.99
05:54:23,1.219,1.99
05:54:23,1.220,1.99
05:54:23,1.222,2
05:54:23,1.223,2
05:54:23,1.225,2
05:54:23,1.226,2
05:54:23,1.228,2
05:54:23,1.229,2
05:54:23,1.231,2
05:54:23,1.232,2
05:54:23,1.234,2
05:54:23,1.235,2
05:54:23,1.238,2
05:54:23,1.239,1.99
05:54:23,1.241,1.99
05:54:23,1.242,1.99
05:54:23,1.244,1.99
05:54:23,1.245,1.98
05:54:23,1.247,1.98
05:54:23,1.248,1.98
05:54:23,1.250,1.97
05:54:23,1.251,1.97
05:54:23,1.253,1.97
05:54:23,1.254,1.96
05:54:23,1.256,1.96
05:54:23,1.258,1.95
05:54:23,1.259,1.95
05:54:23,1.261,1.94
05:54:23,1.262,1.93
05:54:23,1.264,1.93
05:54:23,1.265,1.92
05:54:23,1.267,1.91
05:54:23,1.268,1.91
05:54:23,1.270,1.9
05:54:23,1.271,1.89
05:54:23,1.273,1.88
05:54:23,1.274,1.87
05:54:23,1.276,1.87
05:54:23,1.277,1.86
05:54:23,1.280,1.85
05:54:23,1.281,1.84
05:54:23,1.283,1.83
05:54:23,1.284,1.82
05:54:23,1.286,1.81
05:54:23,1.287,1.8
05:54:23,1.289,1.79
05:54:23,1.290,1.78
05:54:23,1.292,1.77
05:54:23,1.293,1.75
05:54:23,1.295,1.74
05:54:23,1.296,1.73
05:54:23,1.298,1.72
05:54:23,1.299,1.71
05:54:23,1.301,1.69
05:54:23,1.303,1.68
05:54:23,1.304,1.67
05:54:23,1.306,1.66
05:54:23,1.307,1.64
05:54:23,1.309,1.63
05:54:23,1.310,1.62
05:54:23,1.312,1.6
05:54:23,1.313,1.59
05:54:23,1.315,1.57
05:54:23,1.316,1.56
05:54:23,1.318,1.54
05:54:23,1.319,1.53
05:54:23,1.321,1.52
05:54:23,1.323,1.5
05:54:23,1.325,1.48
05:54:23,1.326,1.47
05:54:23,1.328,1.45
05:54:23,1.329,1.44
05:54:23,1.331,1.42
05:54:23,1.332,1.41
05:54:23,1.334,1.39
05:54:23,1.335,1.37
05:54:23,1.337,1.36
05:54:23,1.338,1.34
05:54:23,1.340,1.33
05:54:23,1.341,1.31
05:54:23,1.343,1.29
05:54:23,1.344,1.28
05:54:23,1.346,1.26
05:54:23,1.347,1.24
05:54:23,1.349,1.22
05:54:23,1.350,1.21
05:54:23,1.352,1.19
05:54:23,1.353,1.17
05:54:23,1.355,1.16
05:54:23,1.356,1.14
05:54:23,1.358,1.12
05:54:23,1.359,1.1
05:54:23,1.361,1.09
05:54:23,1.362,1.07
05:54:23,1.364,1.05
05:54:23,1.367,1.03
05:54:23,1.368,1.02
05:54:23,1.370,1
05:54:23,1.371,0.98
05:54:23,1.373,0.97
05:54:23,1.374,0.95
05:54:23,1.376,0.93
05:54:23,1.377,0.91
05:54:23,1.379,0.9
05:54:23,1.380,0.88
05:54:23,1.382,0.86
05:54:23,1.383,0.84
05:54:23,1.385,0.83
05:54:23,1.386,0.81
05:54:23,1.388,0.79
05:54:23,1.389,0.78
05:54:23,1.391,0.76
05:54:23,1.392,0.74
05:54:23,1.394,0.72
05:54:23,1.395,0.71
05:54:23,1.397,0.69
05:54:23,1.398,0.67
05:54:23,1.400,0.66
05:54:23,1.401,0.64
05:54:23,1.403,0.63
05:54:23,1.404,0.61
05:54:23,1.406,0.59
05:54:23,1.408,0.58
05:54:23,1.410,0.56
05:54:23,1.411,0.55
05:54:23,1.413,0.53
05:54:23,1.414,0.52
05:54:23,1.416,0.5
05:54:23,1.417,0.48
05:54:23,1.419,0.47
05:54:23,1.420,0.46
05:54:23,1.422,0.44
05:54:23,1.423,0.43
05:54:23,1.425,0.41
05:54:23,1.426,0.4
05:54:23,1.428,0.38
05:54:23,1.429,0.37
05:54:23,1.431,0.36
05:54:23,1.432,0.34
05:54:23,1.434,0.33
05:54:23,1.435,0.32
05:54:23,1.437,0.31
05:54:23,1.438,0.29
05:54:23,1.440,0.28
05:54:23,1.442,0.27
05:54:23,1.443,0.26
05:54:23,1.445,0.25
05:54:23,1.446,0.23
05:54:23,1.448,0.22
05:54:23,1.449,0.21
05:54:23,1.452,0.2
05:54:23,1.453,0.19
05:54:23,1.455,0.18
05:54:23,1.456,0.17
05:54:23,1.458,0.16
05:54:23,1.459,0.15
05:54:23,1.461,0.14
05:54:23,1.462,0.13
05:54:23,1.464,0.13
05:54:23,1.465,0.12
05:54:23,1.467,0.11
05:54:23,1.468,0.1
05:54:23,1.470,0.09
05:54:23,1.471,0.09
05:54:23,1.473,0.08
05:54:23,1.474,0.07
05:54:23,1.476,0.07
05:54:23,1.477,0.06
05:54:23,1.479,0.05
05:54:23,1.480,0.05
05:54:23,1.482,0.04
05:54:23,1.483,0.04
05:54:23,1.485,0.03
05:54:23,1.486,0.03
05:54:23,1.488,0.03
05:54:23,1.489,0.02
05:54:23,1.491,0.02
05:54:23,1.492,0.02
05:54:23,1.495,0.01
05:54:23,1.496,0.01
05:54:23,1.498,0.01
05:54:23,1.499,0.01
05:54:23,1.501,0
05:54:23,1.502,0
05:54:23,1.504,0
05:54:23,1.505,0
05:54:23,1.507,0
05:54:23,1.508,0
05:54:23,1.510,0
05:54:23,1.512,0
05:54:23,1.513,0
05:54:23,1.515,0
05:54:23,1.516,0
05:54:24,1.518,0.01
05:54:24,1.519,0.01
05:54:24,1.521,0.01
05:54:24,1.522,0.01
05:54:24,1.524,0.02
05:54:24,1.525,0.02
05:54:24,1.527,0.02
05:54:24,1.528,0.03
05:54:24,1.530,0.03
05:54:24,1.531,0.03
05:54:24,1.533,0.04
05:54:24,1.534,0.04
05:54:24,1.537,0.05
05:54:24,1.538,0.05
05:54:24,1.540,0.06
05:54:24,1.541,0.07
05:54:24,1.543,0.07
05:54:24,1.544,0.08
05:54:24,1.546,0.09
05:54:24,1.547,0.09
05:54:24,1.549,0.1
05:54:24,1.550,0.11
05:54:24,1.552,0.12
05:54:24,1.554,0.13
05:54:24,1.555,0.13
05:54:24,1.557,0.14
05:54:24,1.558,0.15
05:54:24,1.560,0.16
05:54:24,1.561,0.17
05:54:24,1.563,0.18
05:54:24,1.564,0.19
05:54:24,1.566,0.2
05:54:24,1.567,0.21
05:54:24,1.569,0.22
05:54:24,1.570,0.23
05:54:24,1.572,0.25
05:54:24,1.573,0.26
05:54:24,1.575,0.27
05:54:24,1.576,0.28
05:54:24,1.579,0.29
05:54:24,1.580,0.31
05:54:24,1.582,0.32
05:54:24,1.583,0.33
05:54:24,1.585,0.34
05:54:24,1.586,0.36
05:54:24,1.588,0.37
05:54:24,1.589,0.38
05:54:24,1.591,0.4
05:54:24,1.592,0.41
05:54:24,1.594,0.43
05:54:24,1.595,0.44
05:54:24,1.597,0.46
05:54:24,1.599,0.47
05:54:24,1.600,0.48
05:54:24,1.602,0.5
05:54:24,1.603,0.52
05:54:24,1.605,0.53
05:54:24,1.606,0.55
05:54:24,1.608,0.56
05:54:24,1.609,0.58
05:54:24,1.611,0.59
05:54:24,1.612,0.61
05:54:24,1.614,0.63
05:54:24,1.615,0.64
05:54:24,1.617,0.66
05:54:24,1.618,0.67
05:54:24,1.620,0.69
05:54:24,1.622,0.71
05:54:24,1.624,0.72
05:54:24,1.625,0.74
05:54:24,1.627,0.76
05:54:24,1.628,0.78
05:54:24,1.630,0.79
05:54:24,1.631,0.81
05:54:24,1.633,0.83
05:54:24,1.634,0.84
05:54:24,1.636,0.86
05:54:24,1.637,0.88
05:54:24,1.639,0.9
05:54:24,1.640,0.91
05:54:24,1.642,0.93
05:54:24,1.644,0.95
05:54:24,1.645,0.97
05:54:24,1.647,0.98
05:54:24,1.648,1
05:54:24,1.650,1.02
05:54:24,1.651,1.03
05:54:24,1.653,1.05
05:54:24,1.654,1.07
05:54:24,1.656,1.09
05:54:24,1.657,1.1
05:54:24,1.659,1.12
05:54:24,1.660,1.14
05:54:24,1.662,1.16
05:54:24,1.664,1.17
05:54:24,1.666,1.19
05:54:24,1.667,1.21
05:54:24,1.669,1.22
05:54:24,1.670,1.24
05:54:24,1.672,1.26
05:54:24,1.673,1.28
05:54:24,1.675,1.29
05:54:24,1.676,1.31
05:54:24,1.678,1.33
05:54:24,1.679,1.34
05:54:24,1.681,1.36
05:54:24,1.682,1.37
05:54:24,1.684,1.39
05:54:24,1.685,1.41
05:54:24,1.687,1.42
05:54:24,1.688,1.44
05:54:24,1.690,1.45
05:54:24,1.691,1.47
05:54:24,1.693,1.48
05:54:24,1.694,1.5
05:54:24,1.696,1.52
05:54:24,1.697,1.53
05:54:24,1.699,1.54
05:54:24,1.700,1.56
05:54:24,1.702,1.57
05:54:24,1.703,1.59
05:54:24,1.705,1.6
05:54:24,1.707,1.62
05:54:24,1.709,1.63
05:54:24,1.710,1.64
05:54:24,1.712,1.66
05:54:24,1.713,1.67
05:54:24,1.715,1.68
05:54:24,1.716,1.69
05:54:24,1.718,1.71
05:54:24,1.719,1.72
05:54:24,1.721,1.73
05:54:24,1.722,1.74
05:54:24,1.724,1.75
05:54:24,1.725,1.77
05:54:24,1.727,1.78
05:54:24,1.728,1.79
05:54:24,1.730,1.8
05:54:24,1.731,1.81
05:54:24,1.733,1.82
05:54:24,1.734,1.83
05:54:24,1.736,1.84
05:54:24,1.737,1.85
05:54:24,1.739,1.86
05:54:24,1.740,1.87
05:54:24,1.742,1.87
05:54:24,1.743,1.88
05:54:24,1.745,1.89
05:54:24,1.746,1.9
05:54:24,1.748,1.91
05:54:24,1.751,1.91
05:54:24,1.752,1.92
05:54:24,1.754,1.93
05:54:24,1.755,1.93
05:54:24,1.757,1.94
05:54:24,1.758,1.95
05:54:24,1.760,1.95
05:54:24,1.761,1.96
05:54:24,1.763,1.96
05:54:24,1.764,1.97
05:54:24,1.766,1.97
05:54:24,1.767,1.97
05:54:24,1.769,1.98
05:54:24,1.770,1.98
05:54:24,1.772,1.98
05:54:24,1.773,1.99
05:54:24,1.775,1.99
05:54:24,1.776,1.99
05:54:24,1.778,1.99
05:54:24,1.779,2
05:54:24,1.781,2
05:54:24,1.782,2
05:54:24,1.784,2
05:54:24,1.785,2
05:54:24,1.787,2
05:54:24,1.788,2
05:54:24,1.790,2
05:54:24,1.792,2
05:54:24,1.794,2
05:54:24,1.795,2
05:54:24,1.797,1.99
05:54:24,1.798,1.99
05:54:24,1.800,1.99
05:54:24,1.801,1.99
05:54:24,1.803,1.98
05:54:24,1.805,1.98
05:54:24,1.806,1.98
05:54:24,1.808,1.97
05:54:24,1.809,1.97
05:54:24,1.811,1.97
05:54:24,1.812,1.96
05:54:24,1.814,1.96
05:54:24,1.815,1.95
05:54:24,1.817,1.95
05:54:24,1.818,1.94
05:54:24,1.820,1.93
05:54:24,1.821,1.93
05:54:24,1.823,1.92
05:54:24,1.824,1.91
05:54:24,1.826,1.91
05:54:24,1.827,1.9
05:54:24,1.829,1.89
05:54:24,1.830,1.88
05:54:24,1.832,1.87
05:54:24,1.833,1.87
05:54:24,1.836,1.86
05:54:24,1.837,1.85
05:54:24,1.839,1.84
05:54:24,1.840,1.83
05:54:24,1.842,1.82
05:54:24,1.843,1.81
05:54:24,1.845,1.8
05:54:24,1.847,1.79
05:54:24,1.848,1.78
05:54:24,1.850,1.77
05:54:24,1.851,1.75
05:54:24,1.853,1.74
05:54:24,1.854,1.73
05:54:24,1.856,1.72
05:54:24,1.857,1.71
05:54:24,1.859,1.69
05:54:24,1.860,1.68
05:54:24,1.862,1.67
05:54:24,1.863,1.66
05:54:24,1.865,1.64
05:54:24,1.866,1.63
05:54:24,1.868,1.62
05:54:24,1.869,1.6
05:54:24,1.871,1.59
05:54:24,1.872,1.57
05:54:24,1.874,1.56
05:54:24,1.875,1.54
05:54:24,1.878,1.53
05:54:24,1.879,1.52
05:54:24,1.881,1.5
05:54:24,1.882,1.48
05:54:24,1.884,1.47
05:54:24,1.885,1.45
05:54:24,1.887,1.44
05:54:24,1.888,1.42
05:54:24,1.890,1.41
05:54:24,1.891,1.39
05:54:24,1.893,1.37
05:54:24,1.894,1.36
05:54:25,1.896,1.34
05:54:25,1.897,1.33
05:54:25,1.899,1.31
05:54:25,1.901,1.29
05:54:25,1.902,1.28
05:54:25,1.904,1.26
05:54:25,1.905,1.24
05:54:25,1.907,1.22
05:54:25,1.908,1.21
05:54:25,1.910,1.19
05:54:25,1.911,1.17
05:54:25,1.913,1.16
05:54:25,1.914,1.14
05:54:25,1.916,1.12
05:54:25,1.917,1.1
05:54:25,1.920,1.09
05:54:25,1.921,1.07
05:54:25,1.923,1.05
05:54:25,1.924,1.03
05:54:25,1.926,1.02
05:54:25,1.927,1
05:54:25,1.929,0.98
05:54:25,1.930,0.97
05:54:25,1.932,0.95
05:54:25,1.933,0.93
05:54:25,1.935,0.91
05:54:25,1.936,0.9
05:54:25,1.938,0.88
05:54:25,1.939,0.86
05:54:25,1.941,0.84
05:54:25,1.942,0.83
05:54:25,1.944,0.81
05:54:25,1.945,0.79
05:54:25,1.947,0.78
05:54:25,1.948,0.76
05:54:25,1.950,0.74
05:54:25,1.951,0.72
05:54:25,1.953,0.71
05:54:25,1.954,0.69
05:54:25,1.956,0.67
05:54:25,1.957,0.66
05:54:25,1.959,0.64
05:54:25,1.960,0.63
05:54:25,1.963,0.61
05:54:25,1.964,0.59
05:54:25,1.966,0.58
05:54:25,1.967,0.56
05:54:25,1.969,0.55
05:54:25,1.971,0.53
05:54:25,1.972,0.52
05:54:25,1.974,0.5
05:54:25,1.975,0.48
05:54:25,1.977,0.47
05:54:25,1.978,0.46
05:54:25,1.980,0.44
05:54:25,1.981,0.43
05:54:25,1.983,0.41
05:54:25,1.984,0.4
05:54:25,1.986,0.38
05:54:25,1.987,0.37
05:54:25,1.989,0.36
05:54:25,1.990,0.34
05:54:25,1.992,0.33
05:54:25,1.993,0.32
05:54:25,1.995,0.31
05:54:25,1.996,0.29
05:54:25,1.998,0.28
05:54:25,1.999,0.27
05:54:25,2.001,0.26
05:54:25,2.002,0.25
05:54:25,2.004,0.23
05:54:25,2.006,0.22
05:54:25,2.008,0.21
05:54:25,2.009,0.2
05:54:25,2.011,0.19
05:54:25,2.012,0.18
05:54:25,2.014,0.17
05:54:25,2.015,0.16
05:54:25,2.017,0.15
05:54:25,2.018,0.14
05:54:25,2.020,0.13
05:54:25,2.021,0.13
05:54:25,2.023,0.12
05:54:25,2.024,0.11
05:54:25,2.026,0.1
05:54:25,2.027,0.09
05:54:25,2.029,0.09
05:54:25,2.030,0.08
05:54:25,2.032,0.07
05:54:25,2.033,0.07
05:54:25,2.035,0.06
05:54:25,2.036,0.05
05:54:25,2.038,0.05
05:54:25,2.039,0.04
05:54:25,2.041,0.04
05:54:25,2.042,0.03
05:54:25,2.044,0.03
05:54:25,2.045,0.03
05:54:25,2.048,0.02
05:54:25,2.049,0.02
05:54:25,2.051,0.02
05:54:25,2.053,0.01
05:54:25,2.054,0.01
05:54:25,2.056,0.01
05:54:25,2.057,0.01
05:54:25,2.059,0
05:54:25,2.060,0
05:54:25,2.062,0
05:54:25,2.063,0
05:54:25,2.065,0
05:54:25,2.066,0
05:54:25,2.068,0
05:54:25,2.069,0
05:54:25,2.071,0
05:54:25,2.072,0
05:54:25,2.074,0
05:54:25,2.075,0.01
05:54:25,2.077,0.01
05:54:25,2.078,0.01
05:54:25,2.080,0.01
05:54:25,2.081,0.02
05:54:25,2.083,0.02
05:54:25,2.084,0.02
05:54:25,2.086,0.03
05:54:25,2.087,0.03
05:54:25,2.089,0.03
05:54:25,2.091,0.04
05:54:25,2.093,0.04
05:54:25,2.094,0.05
05:54:25,2.096,0.05
05:54:25,2.098,0.06
05:54:25,2.099,0.07
05:54:25,2.101,0.07
05:54:25,2.102,0.08
05:54:25,2.104,0.09
05:54:25,2.105,0.09
05:54:25,2.107,0.1
05:54:25,2.108,0.11
05:54:25,2.110,0.12
05:54:25,2.111,0.13
05:54:25,2.113,0.13
05:54:25,2.114,0.14
05:54:25,2.116,0.15
05:54:25,2.117,0.16
05:54:25,2.119,0.17
05:54:25,2.120,0.18
05:54:25,2.122,0.19
05:54:25,2.123,0.2
05:54:25,2.125,0.21
05:54:25,2.126,0.22
05:54:25,2.128,0.23
05:54:25,2.129,0.25
05:54:25,2.131,0.26
05:54:25,2.132,0.27
05:54:25,2.135,0.28
05:54:25,2.136,0.29
05:54:25,2.138,0.31
05:54:25,2.140,0.32
05:54:25,2.141,0.33
05:54:25,2.143,0.34
05:54:25,2.144,0.36
05:54:25,2.146,0.37
05:54:25,2.147,0.38
05:54:25,2.149,0.4
05:54:25,2.150,0.41
05:54:25,2.152,0.43
05:54:25,2.153,0.44
05:54:25,2.155,0.46
05:54:25,2.156,0.47
05:54:25,2.158,0.48
05:54:25,2.159,0.5
05:54:25,2.161,0.52
05:54:25,2.162,0.53
05:54:25,2.164,0.55
05:54:25,2.165,0.56
05:54:25,2.167,0.58
05:54:25,2.168,0.59
05:54:25,2.170,0.61
05:54:25,2.171,0.63
05:54:25,2.173,0.64
05:54:25,2.174,0.66
05:54:25,2.177,0.67
05:54:25,2.178,0.69
05:54:25,2.180,0.71
05:54:25,2.181,0.72
05:54:25,2.183,0.74
05:54:25,2.184,0.76
05:54:25,2.186,0.78
05:54:25,2.187,0.79
05:54:25,2.189,0.81
05:54:25,2.191,0.83
05:54:25,2.192,0.84
05:54:25,2.194,0.86
05:54:25,2.195,0.88
05:54:25,2.197,0.9
05:54:25,2.198,0.91
05:54:25,2.200,0.93
05:54:25,2.201,0.95
05:54:25,2.203,0.97
05:54:25,2.204,0.98
05:54:25,2.206,1
05:54:25,2.207,1.02
05:54:25,2.209,1.03
05:54:25,2.210,1.05
05:54:25,2.212,1.07
05:54:25,2.213,1.09
05:54:25,2.215,1.1
05:54:25,2.216,1.12
05:54:25,2.219,1.14
05:54:25,2.220,1.16
05:54:25,2.222,1.17
05:54:25,2.223,1.19
05:54:25,2.225,1.21
05:54:25,2.226,1.22
05:54:25,2.228,1.24
05:54:25,2.229,1.26
05:54:25,2.231,1.28
05:54:25,2.232,1.29
05:54:25,2.234,1.31
05:54:25,2.235,1.33
05:54:25,2.237,1.34
05:54:25,2.238,1.36
05:54:25,2.240,1.37
05:54:25,2.241,1.39
05:54:25,2.243,1.41
05:54:25,2.244,1.42
05:54:25,2.246,1.44
05:54:25,2.247,1.45
05:54:25,2.249,1.47
05:54:25,2.250,1.48
05:54:26,2.252,1.5
05:54:26,2.253,1.52
05:54:26,2.255,1.53
05:54:26,2.256,1.54
05:54:26,2.258,1.56
05:54:26,2.259,1.57
05:54:26,2.262,1.59
05:54:26,2.263,1.6
05:54:26,2.265,1.62
05:54:26,2.266,1.63
05:54:26,2.268,1.64
05:54:26,2.269,1.66
05:54:26,2.271,1.67
05:54:26,2.272,1.68
05:54:26,2.274,1.69
05:54:26,2.275,1.71
05:54:26,2.277,1.72
05:54:26,2.278,1.73
05:54:26,2.280,1.74
05:54:26,2.282,1.75
05:54:26,2.283,1.77
05:54:26,2.285,1.78
05:54:26,2.286,1.79
05:54:26,2.288,1.8
05:54:26,2.289,1.81
05:54:26,2.291,1.82
05:54:26,2.292,1.83
05:54:26,2.294,1.84
05:54:26,2.295,1.85
05:54:26,2.297,1.86
05:54:26,2.298,1.87
05:54:26,2.300,1.87
05:54:26,2.301,1.88
05:54:26,2.304,1.89
05:54:26,2.305,1.9
05:54:26,2.307,1.91
05:54:26,2.308,1.91
05:54:26,2.310,1.92
05:54:26,2.311,1.93
05:54:26,2.313,1.93
05:54:26,2.314,1.94
05:54:26,2.316,1.95
05:54:26,2.317,1.95
05:54:26,2.319,1.96
05:54:26,2.320,1.96
05:54:26,2.322,1.97
05:54:26,2.323,1.97
05:54:26,2.325,1.97
05:54:26,2.326,1.98
05:54:26,2.328,1.98
05:54:26,2.329,1.98
05:54:26,2.331,1.99
05:54:26,2.332,1.99
05:54:26,2.334,1.99
05:54:26,2.335,1.99
05:54:26,2.337,2
05:54:26,2.338,2
05:54:26,2.340,2
05:54:26,2.341,2
05:54:26,2.343,2
05:54:26,2.344,2
05:54:26,2.347,2
05:54:26,2.349,2
05:54:26,2.350,2
05:54:26,2.352,2
05:54:26,2.353,2
05:54:26,2.355,1.99
05:54:26,2.356,1.99
05:54:26,2.358,1.99
05:54:26,2.359,1.99
05:54:26,2.361,1.98
05:54:26,2.362,1.98
05:54:26,2.364,1.98
05:54:26,2.365,1.97
05:54:26,2.367,1.97
05:54:26,2.368,1.97
05:54:26,2.370,1.96
05:54:26,2.371,1.96
05:54:26,2.373,1.95
05:54:26,2.374,1.95
05:54:26,2.376,1.94
05:54:26,2.377,1.93
05:54:26,2.379,1.93
05:54:26,2.380,1.92
05:54:26,2.382,1.91
05:54:26,2.383,1.91
05:54:26,2.385,1.9
05:54:26,2.387,1.89
05:54:26,2.388,1.88
05:54:26,2.391,1.87
05:54:26,2.392,1.87
05:54:26,2.394,1.86
05:54:26,2.395,1.85
05:54:26,2.397,1.84
05:54:26,2.398,1.83
05:54:26,2.400,1.82
05:54:26,2.401,1.81
05:54:26,2.403,1.8
05:54:26,2.404,1.79
05:54:26,2.406,1.78
05:54:26,2.407,1.77
05:54:26,2.409,1.75
05:54:26,2.410,1.74
05:54:26,2.412,1.73
05:54:26,2.413,1.72
05:54:26,2.415,1.71
05:54:26,2.416,1.69
05:54:26,2.418,1.68
05:54:26,2.419,1.67
05:54:26,2.421,1.66
05:54:26,2.422,1.64
05:54:26,2.424,1.63
05:54:26,2.425,1.62
05:54:26,2.427,1.6
05:54:26,2.428,1.59
05:54:26,2.430,1.57
05:54:26,2.432,1.56
05:54:26,2.434,1.54
05:54:26,2.436,1.53
05:54:26,2.437,1.52
05:54:26,2.439,1.5
05:54:26,2.440,1.48
05:54:26,2.442,1.47
05:54:26,2.443,1.45
05:54:26,2.445,1.44
05:54:26,2.446,1.42
05:54:26,2.448,1.41
05:54:26,2.449,1.39
05:54:26,2.451,1.37
05:54:26,2.452,1.36
05:54:26,2.454,1.34
05:54:26,2.455,1.33
05:54:26,2.457,1.31
05:54:26,2.458,1.29
05:54:26,2.460,1.28
05:54:26,2.461,1.26
05:54:26,2.463,1.24
05:54:26,2.464,1.22
05:54:26,2.466,1.21
05:54:26,2.467,1.19
05:54:26,2.469,1.17
05:54:26,2.470,1.16
05:54:26,2.472,1.14
05:54:26,2.473,1.12
05:54:26,2.476,1.1
05:54:26,2.477,1.09
05:54:26,2.479,1.07
05:54:26,2.480,1.05
05:54:26,2.482,1.03
05:54:26,2.483,1.02
05:54:26,2.485,1
05:54:26,2.486,0.98
05:54:26,2.488,0.97
05:54:26,2.489,0.95
05:54:26,2.491,0.93
05:54:26,2.493,0.91
05:54:26,2.494,0.9
05:54:26,2.496,0.88
05:54:26,2.497,0.86
05:54:26,2.499,0.84
05:54:26,2.500,0.83
05:54:26,2.502,0.81
05:54:26,2.503,0.79
05:54:26,2.505,0.78
05:54:26,2.506,0.76
05:54:26,2.508,0.74
05:54:26,2.509,0.72
05:54:26,2.511,0.71
05:54:26,2.512,0.69
05:54:26,2.514,0.67
05:54:26,2.515,0.66
05:54:26,2.518,0.64
05:54:26,2.519,0.63
05:54:26,2.521,0.61
05:54:26,2.522,0.59
05:54:26,2.524,0.58
05:54:26,2.525,0.56
05:54:26,2.527,0.55
05:54:26,2.528,0.53
05:54:26,2.530,0.52
05:54:26,2.531,0.5
05:54:26,2.533,0.48
05:54:26,2.534,0.47
05:54:26,2.536,0.46
05:54:26,2.537,0.44
05:54:26,2.539,0.43
05:54:26,2.540,0.41
05:54:26,2.542,0.4
05:54:26,2.543,0.38
05:54:26,2.545,0.37
05:54:26,2.546,0.36
05:54:26,2.548,0.34
05:54:26,2.549,0.33
05:54:26,2.551,0.32
05:54:26,2.552,0.31
05:54:26,2.554,0.29
05:54:26,2.555,0.28
05:54:26,2.557,0.27
05:54:26,2.558,0.26
05:54:26,2.561,0.25
05:54:26,2.562,0.23
05:54:26,2.564,0.22
05:54:26,2.565,0.21
05:54:26,2.567,0.2
05:54:26,2.568,0.19
05:54:26,2.570,0.18
05:54:26,2.571,0.17
05:54:26,2.573,0.16
05:54:26,2.574,0.15
05:54:26,2.576,0.14
05:54:26,2.577,0.13
05:54:26,2.579,0.13
05:54:26,2.581,0.12
05:54:26,2.582,0.11
05:54:26,2.584,0.1
05:54:26,2.585,0.09
05:54:26,2.587,0.09
05:54:26,2.588,0.08
05:54:26,2.590,0.07
05:54:26,2.591,0.07
05:54:26,2.593,0.06
05:54:26,2.594,0.05
05:54:26,2.596,0.05
05:54:26,2.597,0.04
05:54:26,2.599,0.04
05:54:26,2.600,0.03
05:54:26,2.603,0.03
05:54:26,2.604,0.03
05:54:26,2.606,0.02
05:54:26,2.607,0.02
05:54:26,2.609,0.02
05:54:26,2.610,0.01
05:54:26,2.612,0.01
05:54:26,2.613,0.01
05:54:26,2.615,0.01
05:54:26,2.616,0
05:54:26,2.618,0
05:54:26,2.619,0
05:54:26,2.621,0
05:54:26,2.622,0
05:54:26,2.624,0
05:54:26,2.625,0
05:54:26,2.627,0
05:54:26,2.628,0
05:54:26,2.630,0
05:54:27,2.631,0
05:54:27,2.633,0.01
05:54:27,2.634,0.01
05:54:27,2.636,0.01
05:54:27,2.638,0.01
05:54:27,2.639,0.02
05:54:27,2.641,0.02
05:54:27,2.642,0.02
05:54:27,2.644,0.03
05:54:27,2.646,0.03
05:54:27,2.648,0.03
05:54:27,2.649,0.04
05:54:27,2.651,0.04
05:54:27,2.652,0.05
05:54:27,2.654,0.05
05:54:27,2.655,0.06
05:54:27,2.657,0.07
05:54:27,2.658,0.07
05:54:27,2.660,0.08
05:54:27,2.661,0.09
05:54:27,2.663,0.09
05:54:27,2.664,0.1
05:54:27,2.666,0.11
05:54:27,2.667,0.12
05:54:27,2.669,0.13
05:54:27,2.670,0.13
05:54:27,2.672,0.14
05:54:27,2.673,0.15
05:54:27,2.675,0.16
05:54:27,2.676,0.17
05:54:27,2.678,0.18
05:54:27,2.680,0.19
05:54:27,2.681,0.2
05:54:27,2.683,0.21
05:54:27,2.684,0.22
05:54:27,2.686,0.23
05:54:27,2.688,0.25
05:54:27,2.690,0.26
05:54:27,2.691,0.27
05:54:27,2.693,0.28
05:54:27,2.694,0.29
05:54:27,2.696,0.31
05:54:27,2.697,0.32
05:54:27,2.699,0.33
05:54:27,2.700,0.34
05:54:27,2.702,0.36
05:54:27,2.703,0.37
05:54:27,2.705,0.38
05:54:27,2.706,0.4
05:54:27,2.708,0.41
05:54:27,2.709,0.43
05:54:27,2.711,0.44
05:54:27,2.712,0.46
05:54:27,2.714,0.47
05:54:27,2.715,0.48
05:54:27,2.717,0.5
05:54:27,2.718,0.52
05:54:27,2.720,0.53
05:54:27,2.721,0.55
05:54:27,2.723,0.56
05:54:27,2.724,0.58
05:54:27,2.726,0.59
05:54:27,2.728,0.61
05:54:27,2.729,0.63
05:54:27,2.732,0.64
05:54:27,2.733,0.66
05:54:27,2.735,0.67
05:54:27,2.736,0.69
05:54:27,2.738,0.71
05:54:27,2.739,0.72
05:54:27,2.741,0.74
05:54:27,2.742,0.76
05:54:27,2.744,0.78
05:54:27,2.745,0.79
05:54:27,2.747,0.81
05:54:27,2.748,0.83
05:54:27,2.750,0.84
05:54:27,2.751,0.86
05:54:27,2.753,0.88
05:54:27,2.754,0.9
05:54:27,2.756,0.91
05:54:27,2.757,0.93
05:54:27,2.759,0.95
05:54:27,2.760,0.97
05:54:27,2.762,0.98
05:54:27,2.763,1
05:54:27,2.765,1.02
05:54:27,2.766,1.03
05:54:27,2.768,1.05
05:54:27,2.769,1.07
05:54:27,2.771,1.09
05:54:27,2.772,1.1
05:54:27,2.775,1.12
05:54:27,2.776,1.14
05:54:27,2.778,1.16
05:54:27,2.779,1.17
05:54:27,2.781,1.19
05:54:27,2.782,1.21
05:54:27,2.784,1.22
05:54:27,2.785,1.24
05:54:27,2.787,1.26
05:54:27,2.788,1.28
05:54:27,2.790,1.29
05:54:27,2.791,1.31
05:54:27,2.793,1.33
05:54:27,2.795,1.34
05:54:27,2.796,1.36
05:54:27,2.798,1.37
05:54:27,2.799,1.39
05:54:27,2.801,1.41
05:54:27,2.802,1.42
05:54:27,2.804,1.44
05:54:27,2.805,1.45
05:54:27,2.807,1.47
05:54:27,2.808,1.48
05:54:27,2.810,1.5
05:54:27,2.811,1.52
05:54:27,2.813,1.53
05:54:27,2.814,1.54
05:54:27,2.817,1.56
05:54:27,2.818,1.57
05:54:27,2.820,1.59
05:54:27,2.821,1.6
05:54:27,2.823,1.62
05:54:27,2.824,1.63
05:54:27,2.826,1.64
05:54:27,2.827,1.66
05:54:27,2.829,1.67
05:54:27,2.830,1.68
05:54:27,2.832,1.69
05:54:27,2.833,1.71
05:54:27,2.835,1.72
05:54:27,2.836,1.73
05:54:27,2.838,1.74
05:54:27,2.839,1.75
05:54:27,2.841,1.77
05:54:27,2.842,1.78
05:54:27,2.844,1.79
05:54:27,2.845,1.8
05:54:27,2.847,1.81
05:54:27,2.848,1.82
05:54:27,2.850,1.83
05:54:27,2.851,1.84
05:54:27,2.853,1.85
05:54:27,2.854,1.86
05:54:27,2.856,1.87
05:54:27,2.857,1.87
05:54:27,2.860,1.88
05:54:27,2.861,1.89
05:54:27,2.863,1.9
05:54:27,2.864,1.91
05:54:27,2.866,1.91
05:54:27,2.867,1.92
05:54:27,2.869,1.93
05:54:27,2.870,1.93
05:54:27,2.872,1.94
05:54:27,2.873,1.95
05:54:27,2.875,1.95
05:54:27,2.876,1.96
05:54:27,2.878,1.96
05:54:27,2.879,1.97
05:54:27,2.881,1.97
05:54:27,2.882,1.97
05:54:27,2.884,1.98
05:54:27,2.886,1.98
05:54:27,2.887,1.98
05:54:27,2.889,1.99
05:54:27,2.890,1.99
05:54:27,2.892,1.99
05:54:27,2.893,1.99
05:54:27,2.895,2
05:54:27,2.896,2
05:54:27,2.898,2
05:54:27,2.899,2
05:54:27,2.902,2
05:54:27,2.903,2
05:54:27,2.905,2
05:54:27,2.906,2
05:54:27,2.908,2
05:54:27,2.909,2
05:54:27,2.911,2
05:54:27,2.912,1.99
05:54:27,2.914,1.99
05:54:27,2.915,1.99
05:54:27,2.917,1.99
05:54:27,2.918,1.98
05:54:27,2.920,1.98
05:54:27,2.921,1.98
05:54:27,2.923,1.97
05:54:27,2.924,1.97
05:54:27,2.926,1.97
05:54:27,2.928,1.96
05:54:27,2.929,1.96
05:54:27,2.931,1.95
05:54:27,2.932,1.95
05:54:27,2.934,1.94
05:54:27,2.935,1.93
05:54:27,2.937,1.93
05:54:27,2.938,1.92
05:54:27,2.940,1.91
05:54:27,2.941,1.91
05:54:27,2.944,1.9
05:54:27,2.945,1.89
05:54:27,2.947,1.88
05:54:27,2.948,1.87
05:54:27,2.950,1.87
05:54:27,2.951,1.86
05:54:27,2.953,1.85
05:54:27,2.954,1.84
05:54:27,2.956,1.83
05:54:27,2.957,1.82
05:54:27,2.959,1.81
05:54:27,2.960,1.8
05:54:27,2.962,1.79
05:54:27,2.963,1.78
05:54:27,2.965,1.77
05:54:27,2.966,1.75
05:54:27,2.968,1.74
05:54:27,2.969,1.73
05:54:27,2.971,1.72
05:54:27,2.973,1.71
05:54:27,2.974,1.69
05:54:27,2.976,1.68
05:54:27,2.977,1.67
05:54:27,2.979,1.66
05:54:27,2.980,1.64
05:54:27,2.982,1.63
05:54:27,2.983,1.62
05:54:27,2.985,1.6
05:54:27,2.987,1.59
05:54:27,2.989,1.57
05:54:27,2.990,1.56
05:54:27,2.992,1.54
05:54:27,2.993,1.53
05:54:27,2.995,1.52
05:54:27,2.996,1.5
05:54:27,2.998,1.48
05:54:27,2.999,1.47
05:54:27,3.001,1.45
05:54:27,3.002,1.44
05:54:27,3.004,1.42
05:54:27,3.005,1.41
05:54:27,3.007,1.39
05:54:27,3.008,1.37
05:54:28,3.010,1.36
05:54:28,3.011,1.34
05:54:28,3.013,1.33
05:54:28,3.014,1.31
05:54:28,3.016,1.29
05:54:28,3.017,1.28
05:54:28,3.019,1.26
05:54:28,3.020,1.24
05:54:28,3.022,1.22
05:54:28,3.023,1.21
05:54:28,3.025,1.19
05:54:28,3.026,1.17
05:54:28,3.028,1.16
05:54:28,3.030,1.14
05:54:28,3.032,1.12
05:54:28,3.034,1.1
05:54:28,3.035,1.09
05:54:28,3.037,1.07
05:54:28,3.038,1.05
05:54:28,3.040,1.03
05:54:28,3.041,1.02
05:54:28,3.043,1
05:54:28,3.044,0.98
05:54:28,3.046,0.97
05:54:28,3.047,0.95
05:54:28,3.049,0.93
05:54:28,3.050,0.91
05:54:28,3.052,0.9
05:54:28,3.053,0.88
05:54:28,3.055,0.86
05:54:28,3.056,0.84
05:54:28,3.058,0.83
05:54:28,3.059,0.81
05:54:28,3.061,0.79
05:54:28,3.062,0.78
05:54:28,3.064,0.76
05:54:28,3.065,0.74
05:54:28,3.067,0.72
05:54:28,3.068,0.71
05:54:28,3.070,0.69
05:54:28,3.072,0.67
05:54:28,3.074,0.66
05:54:28,3.075,0.64
05:54:28,3.077,0.63
05:54:28,3.078,0.61
05:54:28,3.080,0.59
05:54:28,3.081,0.58
05:54:28,3.083,0.56
05:54:28,3.084,0.55
05:54:28,3.086,0.53
05:54:28,3.087,0.52
05:54:28,3.089,0.5
05:54:28,3.090,0.48
05:54:28,3.092,0.47
05:54:28,3.093,0.46
05:54:28,3.095,0.44
05:54:28,3.096,0.43
05:54:28,3.098,0.41
05:54:28,3.100,0.4
05:54:28,3.101,0.38
05:54:28,3.103,0.37
05:54:28,3.104,0.36
05:54:28,3.106,0.34
05:54:28,3.107,0.33
05:54:28,3.109,0.32
05:54:28,3.110,0.31
05:54:28,3.112,0.29
05:54:28,3.113,0.28
05:54:28,3.116,0.27
05:54:28,3.117,0.26
05:54:28,3.119,0.25
05:54:28,3.120,0.23
05:54:28,3.122,0.22
05:54:28,3.123,0.21
05:54:28,3.125,0.2
05:54:28,3.126,0.19
05:54:28,3.128,0.18
05:54:28,3.129,0.17
05:54:28,3.131,0.16
05:54:28,3.132,0.15
05:54:28,3.134,0.14
05:54:28,3.135,0.13
05:54:28,3.137,0.13
05:54:28,3.138,0.12
05:54:28,3.140,0.11
05:54:28,3.141,0.1
05:54:28,3.143,0.09
05:54:28,3.144,0.09
05:54:28,3.146,0.08
05:54:28,3.147,0.07
05:54:28,3.149,0.07
05:54:28,3.150,0.06
05:54:28,3.152,0.05
05:54:28,3.153,0.05
05:54:28,3.155,0.04
05:54:28,3.156,0.04
05:54:28,3.159,0.03
05:54:28,3.160,0.03
05:54:28,3.162,0.03
05:54:28,3.163,0.02
05:54:28,3.165,0.02
05:54:28,3.166,0.02
05:54:28,3.168,0.01
05:54:28,3.169,0.01
05:54:28,3.171,0.01
05:54:28,3.172,0.01
05:54:28,3.174,0
05:54:28,3.176,0
05:54:28,3.177,0
05:54:28,3.179,0
05:54:28,3.180,0
05:54:28,3.182,0
05:54:28,3.183,0
05:54:28,3.185,0
05:54:28,3.186,0
05:54:28,3.188,0
05:54:28,3.189,0
05:54:28,3.191,0.01
05:54:28,3.192,0.01
05:54:28,3.194,0.01
05:54:28,3.195,0.01
05:54:28,3.197,0.02
05:54:28,3.198,0.02
05:54:28,3.201,0.02
05:54:28,3.202,0.03
05:54:28,3.204,0.03
05:54:28,3.205,0.03
05:54:28,3.207,0.04
05:54:28,3.208,0.04
05:54:28,3.210,0.05
05:54:28,3.211,0.05
05:54:28,3.213,0.06
05:54:28,3.214,0.07
05:54:28,3.216,0.07
05:54:28,3.218,0.08
05:54:28,3.219,0.09
05:54:28,3.221,0.09
05:54:28,3.222,0.1
05:54:28,3.224,0.11
05:54:28,3.225,0.12
05:54:28,3.227,0.13
05:54:28,3.228,0.13
05:54:28,3.230,0.14
05:54:28,3.231,0.15
05:54:28,3.233,0.16
05:54:28,3.234,0.17
05:54:28,3.236,0.18
05:54:28,3.237,0.19
05:54:28,3.239,0.2
05:54:28,3.240,0.21
05:54:28,3.243,0.22
05:54:28,3.244,0.23
05:54:28,3.246,0.25
05:54:28,3.247,0.26
05:54:28,3.249,0.27
05:54:28,3.250,0.28
05:54:28,3.252,0.29
05:54:28,3.253,0.31
05:54:28,3.255,0.32
05:54:28,3.256,0.33
05:54:28,3.258,0.34
05:54:28,3.259,0.36
05:54:28,3.261,0.37
05:54:28,3.263,0.38
05:54:28,3.264,0.4
05:54:28,3.266,0.41
05:54:28,3.267,0.43
05:54:28,3.269,0.44
05:54:28,3.270,0.46
05:54:28,3.272,0.47
05:54:28,3.273,0.48
05:54:28,3.275,0.5
05:54:28,3.276,0.52
05:54:28,3.278,0.53
05:54:28,3.279,0.55
05:54:28,3.281,0.56
05:54:28,3.282,0.58
05:54:28,3.284,0.59
05:54:28,3.286,0.61
05:54:28,3.288,0.63
05:54:28,3.289,0.64
05:54:28,3.291,0.66
05:54:28,3.292,0.67
05:54:28,3.294,0.69
05:54:28,3.295,0.71
05:54:28,3.297,0.72
05:54:28,3.298,0.74
05:54:28,3.300,0.76
05:54:28,3.301,0.78
05:54:28,3.303,0.79
05:54:28,3.304,0.81
05:54:28,3.306,0.83
05:54:28,3.307,0.84
05:54:28,3.309,0.86
05:54:28,3.311,0.88
05:54:28,3.312,0.9
05:54:28,3.314,0.91
05:54:28,3.315,0.93
05:54:28,3.317,0.95
05:54:28,3.318,0.97
05:54:28,3.320,0.98
05:54:28,3.321,1
05:54:28,3.323,1.02
05:54:28,3.324,1.03
05:54:28,3.326,1.05
05:54:28,3.328,1.07
05:54:28,3.330,1.09
05:54:28,3.331,1.1
05:54:28,3.333,1.12
05:54:28,3.334,1.14
05:54:28,3.336,1.16
05:54:28,3.337,1.17
05:54:28,3.339,1.19
05:54:28,3.340,1.21
05:54:28,3.342,1.22
05:54:28,3.343,1.24
05:54:28,3.345,1.26
05:54:28,3.346,1.28
05:54:28,3.348,1.29
05:54:28,3.349,1.31
05:54:28,3.351,1.33
05:54:28,3.352,1.34
05:54:28,3.354,1.36
05:54:28,3.355,1.37
05:54:28,3.357,1.39
05:54:28,3.358,1.41
05:54:28,3.360,1.42
05:54:28,3.361,1.44
05:54:28,3.363,1.45
05:54:28,3.364,1.47
05:54:28,3.366,1.48
